,Unnamed: 0,x,y,z,color
23,23,12.781356811523436,-5.58477020263672,1.637722849845886,#bfbdb8
25,25,12.202685356140135,5.071119785308838,9.337912559509276,#bdbcbc
65,65,8.355775833129881,9.997697830200195,0.20080524682998652,#cec9d0
68,68,8.695003509521483,1.2901209592819212,9.06288146972656,#7c7369
94,94,7.511302471160888,8.473407745361326,0.8780996799468993,#937171
107,107,10.349353790283203,5.01087760925293,7.135506153106689,#606268
136,136,9.171967506408693,3.1530787944793706,5.810364723205566,#526f8b
194,194,7.2979698181152335,7.8365178108215305,-3.0654065608978267,#a7a6a5
243,243,8.67499828338623,2.2000319957733154,8.414077758789062,#88656b
248,248,12.917479515075685,4.207670211791991,5.198611259460448,#9f8a79
255,255,7.963747978210449,1.495583057403565,1.3291915655136108,#48739e
269,269,12.71262836456299,4.370206832885741,7.794208049774171,#bfc27b
279,279,10.492513656616213,7.047654628753662,7.311236381530763,#d8d9d6
298,298,7.0003447532653835,2.089975357055664,-6.4607887268066415,#b8a9a9
303,303,8.339906692504883,2.5041275024414062,7.617722988128665,#524d5b
318,318,6.8664517402648935,5.305959224700928,3.8513221740722656,#a1343c
349,349,6.641111850738523,7.247535705566406,-2.2423014640808105,#90846a
380,380,9.029603004455566,3.0149414539337163,7.201448917388919,#78827f
503,503,6.965272426605225,7.95478868484497,-2.9864199161529545,#8f969a
535,535,9.681133270263674,4.452588081359862,5.999106407165527,#928e62
538,538,12.689465522766108,4.46563720703125,7.868832111358643,#d0cbce
551,551,16.105602264404293,5.729204177856443,2.875250101089477,#647075
623,623,6.822915077209473,5.33409547805786,3.882753849029541,#3d3e3f
647,647,10.624744415283203,6.2175202369689915,8.209375381469728,#dfe0e2
684,684,6.159516334533691,6.177038192749023,4.39434051513672,#8b787b
710,710,6.509950637817384,6.846657276153564,4.613305568695068,#8c8873
737,737,7.929539680480957,0.7526493668556212,11.38838005065918,#b5c4d4
760,760,6.4811553955078125,6.701451301574707,4.53319787979126,#7f91a1
760,760,6.4811553955078125,6.701451301574707,4.53319787979126,#7f91a1
765,765,9.578886032104492,2.540221214294433,7.476665019989013,#827b59
785,785,8.257959365844728,2.2778632640838623,7.7290196418762225,#6c6864
800,800,10.077022552490234,1.0409564971923828,4.866950511932373,#6e6d6b
813,813,7.183311939239503,5.696658134460449,4.2192206382751465,#a28570
820,820,9.489910125732418,2.006643772125244,8.77034854888916,#624e5b
829,829,9.554358482360842,4.84460973739624,8.815967559814453,#aaa8ab
837,837,8.124419212341309,7.857581615447997,4.3724985122680655,#b0a067
841,841,10.97298812866211,3.6519632339477535,6.318720817565918,#9d9fa0
872,872,7.056715965270997,5.037898540496825,3.8670163154602046,#39393b
887,887,8.490221977233888,8.274168968200684,4.8936028480529785,#afb1b0
889,889,9.338830947875977,2.96523642539978,7.49935007095337,#575d5a
889,889,9.338830947875977,2.96523642539978,7.49935007095337,#575d5a
932,932,12.640755653381348,-5.682096481323241,2.3400807380676274,#7f7f81
979,979,13.290444374084473,2.6521143913269043,8.408714294433594,#76746f
1037,1037,10.811605453491213,6.117842674255371,7.959462642669678,#e1dfd9
1119,1119,10.743436813354492,3.823863506317138,5.914531230926515,#b78154
1182,1182,12.29522037506104,3.1195619106292725,10.38020610809326,#606875
1233,1233,9.93053245544434,1.1579896211624143,6.537924766540527,#6a6a6d
1244,1244,10.408644676208496,0.25734540820121765,5.720186233520508,#27282b
1258,1258,10.701547622680664,1.9652236700057983,6.020912647247314,#363739
1260,1260,9.580709457397461,2.5753049850463867,5.595977306365967,#693135
1270,1270,8.857998847961426,0.9978154897689822,7.214463710784912,#333336
1297,1297,9.099124908447264,0.9857876300811768,7.063577651977536,#445b84
1325,1325,14.090418815612795,-3.7810268402099614,3.8163015842437744,#444541
1342,1342,6.953606128692624,6.327471733093263,3.379828453063965,#515050
1346,1346,8.684268951416014,0.5049288868904114,4.201201438903809,#6b6865
1371,1371,10.384671211242676,5.815279960632324,7.482085227966309,#b1aab0
1406,1406,8.472272872924803,4.593803882598877,4.896126747131348,#846f5b
1460,1460,8.113637924194336,7.96406888961792,4.45635986328125,#728c9b
1487,1487,9.591272354125977,4.842587947845459,8.959728240966797,#bab1b4
1550,1550,7.6671385765075675,0.8876873850822449,1.423092246055603,#4d4d4d
1576,1576,8.804037094116211,2.529170513153076,6.0600495338439915,#7d90bd
1612,1612,5.9615559577941895,8.562306404113768,5.5523033142089835,#bcb8b9
1659,1659,12.015791893005373,3.539210081100464,10.0957670211792,#b57c8b
1660,1660,7.9555816650390625,4.879984855651856,4.806073188781737,#8f6845
1666,1666,11.100874900817873,2.4093470573425284,12.270390510559082,#515358
1681,1681,8.898781776428223,4.452040195465088,9.120276451110842,#b59e64
1681,1681,8.898781776428223,4.452040195465088,9.120276451110842,#b59e64
1719,1719,13.543231010437012,8.244663238525389,2.17242169380188,#7b98ae
1723,1723,10.413252830505373,4.582742691040039,9.895926475524902,#d6d6db
1734,1734,9.120055198669434,0.5471873879432678,8.587409019470215,#9f5556
1742,1742,7.554670333862304,7.5323853492736825,0.842534601688385,#1f2025
1773,1773,9.528174400329588,0.524931252002716,4.3398003578186035,#565654
1784,1784,9.724989891052246,1.4187283515930176,5.631901741027832,#323234
1792,1792,9.952653884887695,0.3660838603973389,4.836409091949463,#414449
1795,1795,9.24193859100342,4.909920692443848,8.552802085876465,#a19ea4
1816,1816,9.552794456481934,7.772321701049805,-2.655773639678955,#666562
1823,1823,12.595696449279785,4.651192665100098,7.981032371520995,#cc8f5a
1875,1875,13.78713607788086,8.594127655029299,2.231982707977295,#d09b9e
1879,1879,12.729860305786133,-5.594881534576416,1.5762364864349363,#b7b8c2
1892,1892,8.04798984527588,7.692201137542722,5.326228618621824,#9aa4a6
1907,1907,16.034673690795902,5.56754732131958,2.1449048519134517,#706274
1912,1912,11.936764717102045,5.990003585815429,9.84701919555664,#cac3c0
1920,1920,6.735320568084718,2.0414106845855717,0.052579469978809364,#aca2a4
1928,1928,9.474578857421877,-0.4529735743999481,6.480751514434815,#212428
1934,1934,8.53176689147949,4.468517303466797,4.40921688079834,#a55a5f
1957,1957,8.395930290222168,4.6172213554382315,4.429330348968506,#845149
2000,2000,16.215450286865234,5.3628411293029785,3.3947696685791016,#8e7c7e
2026,2026,9.439250946044922,0.050563134253025055,4.014294624328612,#666f8c
2036,2036,10.392887115478516,1.658912658691406,5.109142303466797,#4f5468
2036,2036,10.392887115478516,1.658912658691406,5.109142303466797,#4f5468
2070,2070,9.120135307312012,-1.3884525299072263,-1.9109600782394407,#88818b
2128,2128,5.7875213623046875,7.182719230651856,-2.075061559677124,#8d887e
2172,2172,11.312380790710447,5.789360523223878,6.979360580444336,#9a8d7e
2176,2176,10.765055656433104,3.950647354125977,6.249980449676514,#323437
2246,2246,8.785101890563965,-0.0258692242205143,7.157094478607178,#69704b
2261,2261,11.596767425537104,3.9093747138977046,5.223309516906737,#bebcbd
2279,2279,10.066959381103516,7.4806528091430655,-2.217732191085816,#56585b
2314,2314,10.9103422164917,3.6700179576873775,6.054506778717041,#b39da3
2331,2331,9.780935287475586,8.267375946044924,6.994178771972657,#6e6b70
2344,2344,11.03120708465576,8.094903945922853,6.7414703369140625,#bfa7aa
2400,2400,8.488835334777832,9.924076080322266,0.05062298104166985,#d0bc90
2405,2405,8.900383949279785,0.9530150890350338,4.512573719024657,#92949e
2460,2460,7.601031303405763,8.172324180603027,-2.8024766445159908,#938e93
2479,2479,10.524785995483398,0.23443640768527985,5.8624396324157715,#818282
2522,2522,8.773042678833008,-1.0737965106964111,-1.921969056129456,#737376
2546,2546,7.643415451049805,1.5161665678024292,1.1300660371780396,#bd979c
2578,2578,6.7870731353759775,6.119132041931152,3.6291158199310303,#5a4f4f
2587,2587,7.207775115966798,6.856248378753662,3.5799348354339595,#5e5d5f
2606,2606,11.723695755004881,4.6550841331481925,5.489792346954347,#b3b4b9
2606,2606,11.723695755004881,4.6550841331481925,5.489792346954347,#b3b4b9
2667,2667,9.636369705200194,2.424096584320069,8.071003913879393,#92909e
2703,2703,8.286529541015625,9.880254745483398,0.2203323245048523,#786768
2708,2708,13.321595191955565,7.8761305809021,2.138001680374145,#595a5d
2751,2751,16.275571823120114,5.504234313964844,2.105465650558472,#bab37d
2776,2776,10.600752830505373,5.108988285064696,7.6914520263671875,#b79f2a
2796,2796,-3.123772382736206,2.9003133773803715,6.117932796478272,#494427
2802,2802,7.304183959960937,6.503657341003418,1.8872793912887567,#a5665f
2808,2808,8.181171417236326,8.231154441833496,0.534961998462677,#706f6f
2857,2857,6.623778343200684,7.1475553512573216,5.672427177429199,#868a92
2915,2915,16.133792877197266,5.665788650512695,2.906376838684082,#544b50
2945,2945,16.441720962524414,5.1598520278930655,2.079750061035156,#c9c8c7
2954,2954,10.132929801940916,-0.08342778682708737,7.677855968475341,#afa1bb
2965,2965,8.828332901000977,3.495530605316162,6.652928829193113,#494a4c
2972,2972,12.83023166656494,4.504246234893799,4.909462451934815,#beb4bc
2975,2975,7.6464638710021955,2.3268406391143803,-6.1244850158691415,#988f8d
2979,2979,7.761690139770509,8.755683898925781,-0.18924158811569214,#b6ac96
2981,2981,13.274600028991694,1.4631094932556157,8.616849899291992,#787877
3011,3011,12.030356407165526,4.316356182098389,4.520476818084717,#5f605d
3015,3015,12.402658462524412,4.97429084777832,9.054222106933592,#ceced2
3033,3033,8.90156078338623,3.2421491146087646,6.1139616966247585,#294d7f
3036,3036,6.9215760231018075,6.8088364601135245,-0.4833196103572845,#ab997e
3039,3039,10.118762016296383,2.1458957195281982,5.654251575469972,#3b4a59
3042,3042,9.16569232940674,0.2904517650604249,8.231931686401367,#5b5a5f
3068,3068,8.912372589111328,0.8867233395576476,6.791668891906737,#777a7f
3070,3070,10.59846782684326,4.180955410003661,10.092240333557127,#a1a9b3
3137,3137,7.250855445861816,1.783612370491028,-5.795656681060791,#cecdcc
3201,3201,13.546478271484375,8.35844898223877,2.1360204219818115,#6c6e7a
3218,3218,11.360960960388185,2.015394449234009,6.503369331359862,#313131
3247,3247,10.556439399719238,1.1897740364074707,5.085716247558594,#ab884a
3254,3254,9.848030090332033,3.7786917686462402,9.355754852294922,#735c1b
3280,3280,8.5133056640625,4.701012134552002,6.972321033477782,#847fa8
3330,3330,10.166662216186523,-0.04375299066305161,7.7684736251831055,#4c4d52
3345,3345,8.363987922668457,10.069731712341307,0.010227631777524945,#bfaeb3
3361,3361,9.567034721374512,0.2939166128635406,4.229590892791747,#bcaf9f
3383,3383,11.614624977111815,4.836277961730958,5.5782127380371085,#c8c2c4
3405,3405,9.9701509475708,6.390171051025393,17.031982421875,#4c57a7
3419,3419,9.819796562194822,1.6177356243133545,6.225343704223633,#7e7f80
3427,3427,9.642242431640623,2.0218214988708496,6.592053890228272,#928a7d
3436,3436,10.972818374633787,2.3015427589416504,6.763485431671144,#868686
3478,3478,12.806126594543455,4.0434584617614755,4.9779090881347665,#28292a
3481,3481,10.290743827819824,1.072523355484009,4.784985065460205,#8ea3af
3535,3535,5.671069145202638,8.328139305114746,5.298200607299805,#caa87c
3563,3563,7.974064350128173,7.699914932250977,5.220949172973633,#5d5c5c
3566,3566,10.088615417480467,1.403379201889038,4.3694162368774405,#a29485
3566,3566,10.088615417480467,1.403379201889038,4.3694162368774405,#a29485
3598,3598,13.409371376037598,8.437551498413086,2.87371039390564,#7c8288
3608,3608,8.058921813964844,0.19123525917530051,10.73114776611328,#524d51
3625,3625,11.140912055969238,6.184725761413574,5.271645069122314,#999398
3655,3655,10.919172286987305,2.282816171646118,7.0144100189208975,#9799a5
3679,3679,8.589717864990233,9.926330566406248,0.3127050101757049,#527597
3692,3692,11.93820190429688,5.093045234680176,6.139417171478272,#6c795a
3717,3717,15.23624324798584,1.7180845737457278,0.8980798125267027,#424448
3756,3756,12.634560585021973,4.1039814949035645,4.988296985626222,#afaeab
3763,3763,12.7145414352417,2.535398006439209,7.947658538818357,#b6b2a6
3787,3787,12.511380195617678,-5.710204601287843,1.6980828046798708,#616461
3789,3789,15.436866760253908,9.775519371032717,9.335101127624512,#e35f55
3796,3796,8.455483436584473,0.02605314925312996,6.847580432891845,#678090
3834,3834,8.57450771331787,0.15890280902385712,3.8675661087036133,#8988a0
3873,3873,5.7640380859375,8.011491775512694,-3.6245846748352046,#484650
3916,3916,13.661480903625488,1.893698811531067,8.750281333923342,#a9a0a7
3922,3922,9.8505802154541,2.290358304977417,5.6649723052978525,#a9aba7
3941,3941,9.17607116699219,7.87222146987915,-3.3223924636840816,#d6d6d9
3947,3947,8.945889472961426,4.327740192413329,9.264107704162596,#625f68
3965,3965,-1.0928930044174194,7.027679920196532,5.156548976898192,#555b76
3985,3985,7.928992271423341,0.7198424339294432,11.361820220947266,#363739
3992,3992,9.252890586853027,12.197998046875,6.677975654602051,#b2b4ac
4007,4007,15.424433708190913,9.760090827941896,9.333614349365234,#80818d
4052,4052,8.435486793518066,0.03681160882115364,6.83324146270752,#645751
4060,4060,9.109270095825195,-1.28620183467865,-1.8502157926559448,#bbc0d2
4142,4142,11.567462921142573,10.13216495513916,11.248214721679688,#bcbcc7
4171,4171,7.379049777984619,6.667941570281982,1.0412931442260742,#5c524c
4189,4189,9.6914701461792,4.628916263580321,9.156571388244627,#9e5453
4243,4243,9.697124481201172,1.1334824562072754,8.568552017211914,#b5b8c1
4248,4248,8.967671394348145,1.4980841875076292,8.256734848022463,#947b63
4257,4257,9.170001983642578,-1.3729474544525146,-1.8168758153915403,#c4bcb9
4263,4263,8.569239616394043,1.1856709718704226,7.2338128089904785,#393c48
4267,4267,8.385522842407225,8.49777412414551,4.822054862976073,#c3b7b5
4310,4310,7.619404315948486,3.468157052993774,7.04671287536621,#c0c3c7
4312,4312,8.555083274841309,-0.6360765099525452,6.836228370666504,#28272a
4353,4353,9.551353454589844,1.722283363342285,8.619738578796385,#97897d
4357,4357,9.193601608276367,0.4674961566925049,8.331455230712889,#a79e95
4401,4401,7.026713848114013,5.27813959121704,3.9793491363525386,#85858c
4403,4403,5.471761226654054,6.403987407684326,4.688111305236816,#44413b
4406,4406,11.285951614379881,5.75763750076294,6.7960124015808105,#ab6f77
4433,4433,8.167714118957518,2.4059898853302,7.76893663406372,#9b7960
4442,4442,12.629837036132812,-5.7296552658081055,1.8415254354476929,#a2a5b0
4448,4448,13.677085876464846,8.427446365356444,2.271839141845703,#5a5652
4457,4457,-3.137415170669556,2.8852486610412598,6.1333909034729,#6c635a
4466,4466,13.101849555969238,7.111361503601074,11.92123603820801,#433d40
4467,4467,9.807894706726074,5.0481157302856445,6.103565216064452,#bbb7b0
4475,4475,9.708534240722656,-0.16435226798057556,4.0195350646972665,#cecdcc
4487,4487,8.825135231018066,3.234251976013184,8.749492645263668,#576d72
4512,4512,8.391298294067383,1.3065801858901975,1.7887830734252927,#a45957
4530,4530,5.345633506774902,8.284905433654785,5.0165677070617685,#9c7347
4556,4556,9.663671493530273,4.028797149658203,8.378030776977539,#b9b8be
4558,4558,16.183624267578125,4.9789085388183585,2.788609266281128,#898587
4567,4567,8.55128574371338,2.150402545928955,7.515140056610107,#b0b7cc
4569,4569,10.83791732788086,4.657331466674805,9.726858139038084,#975e61
4613,4613,5.729760646820068,6.49699592590332,4.956536769866943,#cbcacd
4644,4644,9.2274112701416,-0.20497415959835047,6.314543724060059,#565556
4647,4647,7.080105781555175,7.470067501068115,-3.5631203651428223,#392b29
4655,4655,10.356640815734863,8.240742683410643,7.2642035484313965,#5b688d
4662,4662,11.59663200378418,1.7579728364944458,6.989245891571046,#797c8a
4666,4666,10.153099060058592,-0.0961965397000313,6.001421928405762,#afa08c
4768,4768,11.282584190368652,0.9903770685195924,7.512117862701416,#5e5548
4863,4863,9.33499526977539,5.1622843742370605,8.601114273071289,#354f6b
4889,4889,13.186562538146973,7.211284637451171,12.016207695007324,#373634
4894,4894,10.939838409423826,7.958670139312744,6.664480209350586,#c4bdb3
4900,4900,8.820023536682129,1.0927381515502927,8.109789848327635,#8aaaa6
4955,4955,6.7872281074523935,1.8798714876174933,0.2845422029495239,#79e1dd
4985,4985,9.664959907531738,1.8767232894897459,6.701064109802246,#d3babb
5000,5000,12.184505462646479,5.0322585105896,9.01882553100586,#726d6f
5008,5008,11.099652290344238,2.7772316932678223,12.17616367340088,#676f72
5030,5030,9.012802124023438,2.093249797821045,6.38998556137085,#7f828a
5044,5044,10.16336917877197,4.044482707977295,5.7781944274902335,#423f41
5048,5048,9.472131729125977,1.9738367795944207,8.882636070251467,#c3c2c8
5124,5124,10.483604431152344,3.7205951213836665,9.599605560302733,#afa4a3
5142,5142,6.197432518005371,8.1103515625,-3.2635278701782213,#9daaa0
5179,5179,8.237561225891112,9.309953689575195,0.7204816341400146,#322f30
5237,5237,9.31107234954834,4.335811138153076,7.7737870216369656,#727aa9
5244,5244,5.523560047149658,8.466954231262207,5.200002193450928,#b1a39d
5260,5260,11.820573806762695,5.057861804962158,6.088423252105713,#c3c4c7
5269,5269,11.067928314208984,3.229966163635253,11.770072937011713,#897672
5272,5272,9.38300323486328,0.6958325505256653,7.938532829284669,#2b2829
5282,5282,6.302093029022218,1.362411618232727,0.6193575859069824,#757478
5303,5303,10.128442764282225,4.104816913604736,5.705670356750488,#635f6e
5336,5336,9.459510803222654,8.358543395996092,-2.63188076019287,#232529
5379,5379,10.221935272216797,1.6627551317214964,9.342945098876953,#604c54
5433,5433,13.473607063293455,1.4370648860931394,8.680942535400389,#8e3239
5438,5438,9.776436805725096,2.8007936477661133,8.269447326660156,#2b2b2f
5503,5503,10.07595920562744,2.75593376159668,4.9051947593688965,#898682
5523,5523,13.4132661819458,8.475895881652832,2.8494691848754883,#c99876
5534,5534,7.6437034606933585,2.239089250564575,-6.0281953811645534,#7b6984
5544,5544,16.0048828125,4.9244437217712385,3.401421070098877,#a58265
5561,5561,6.489392757415772,6.11496639251709,4.178172111511231,#ac8264
5564,5564,10.00759983062744,8.407331466674803,7.069982051849365,#6a6b6d
5574,5574,9.623611450195312,3.878217697143554,9.763441085815428,#716e6b
5654,5654,11.544832229614256,1.8924608230590818,6.883943557739258,#908c8e
5677,5677,13.586556434631348,2.47386360168457,8.795169830322267,#a67c78
5690,5690,8.101040840148924,9.57810878753662,0.11255862563848497,#722b2a
5727,5727,13.107192993164062,4.805476665496825,5.312522888183594,#423838
5740,5740,12.26772689819336,4.261777877807616,4.7879900932312,#b7aaa1
5766,5766,10.456510543823242,4.732081413269042,5.885185241699218,#9b9494
5773,5773,7.5695710182189915,1.6019629240036009,1.0056873559951782,#9e978c
5774,5774,8.097517013549805,-0.9666471481323241,5.88654661178589,#77767e
5787,5787,10.947211265563963,3.3271090984344482,5.648401737213135,#865355
5803,5803,12.524151802062988,4.088913440704347,7.612990856170653,#3b3434
5807,5807,9.776298522949217,5.678633213043213,6.78377342224121,#4b4c4b
5808,5808,8.529886245727539,1.4430072307586668,7.878735065460205,#aeb5b3
5828,5828,11.991161346435545,5.096203804016112,5.8585777282714835,#d29476
5864,5864,8.860905647277832,2.9723191261291517,8.783144950866701,#58585c
5883,5883,9.769258499145508,4.981785774230957,6.089669227600098,#8d8d92
5938,5938,12.316783905029295,3.3508417606353764,10.478278160095217,#948974
6000,6000,13.277234077453615,1.6414949893951416,8.680670738220215,#b9b0b7
6000,6000,13.277234077453615,1.6414949893951416,8.680670738220215,#b9b0b7
6012,6012,12.340428352355955,3.3453044891357417,10.503521919250488,#7c867c
6043,6043,9.035825729370114,0.5002314448356628,8.593527793884277,#5f728f
6063,6063,10.30467414855957,0.8389240503311156,5.031820297241209,#57516f
6063,6063,10.30467414855957,0.8389240503311156,5.031820297241209,#57516f
6083,6083,10.977949142456056,2.673091411590576,7.086594581604004,#9e9ba1
6095,6095,8.317376136779785,9.187242507934569,-0.1098693385720253,#c1c1c8
6201,6201,11.429571151733398,4.054892063140868,9.44504642486572,#5b5958
6219,6219,10.553857803344727,6.592768669128418,7.3213844299316415,#afb8c4
6226,6226,11.921666145324707,3.5658705234527592,9.96407890319824,#a33c43
6257,6257,5.422960281372068,7.935431480407715,-3.974412918090819,#292829
6265,6265,11.883726119995115,5.077808380126954,7.240456581115723,#bda83d
6304,6304,9.686526298522947,5.5263943672180185,6.3820977210998535,#575c60
6308,6308,8.440372467041014,1.5414459705352783,8.20158576965332,#b8babd
6312,6312,11.922569274902346,5.058290958404541,7.0676484107971165,#7382a1
6332,6332,10.720479011535645,5.696633815765381,5.370603561401366,#4e4f53
6365,6365,7.078364849090575,7.596442222595216,-2.6034960746765137,#b8794b
6390,6390,11.54786777496338,2.0227191448211665,6.765250205993652,#5b5e64
6431,6431,13.075119018554688,6.824011802673341,12.153597831726074,#727276
6463,6463,12.749616622924805,4.098292350769042,7.876707553863524,#27282b
6484,6484,10.080365180969238,1.4420456886291504,5.660530567169189,#688ca5
6489,6489,12.019695281982417,4.33051347732544,4.659948825836182,#85898d
6497,6497,8.429968833923342,8.164275169372559,5.263112545013428,#8c8080
6498,6498,7.85551118850708,9.09309673309326,0.10422783344984056,#c6cad3
6508,6508,8.917049407958984,1.2425557374954224,5.193356513977051,#3b3c3c
6519,6519,5.7843914031982395,3.864863872528076,3.3324985504150395,#bbbaa8
6520,6520,7.913254261016845,8.050996780395508,0.36550706624984736,#565561
6537,6537,11.259263038635252,5.764568328857423,6.707929611206057,#84756c
6549,6549,12.515824317932127,-5.715952396392822,1.757297158241272,#5c6575
6557,6557,12.636619567871092,3.446997880935669,8.215706825256348,#b7b2b9
6594,6594,6.005892276763915,4.183689594268799,3.140940427780152,#424448
6629,6629,9.60218143463135,1.3426351547241209,5.877753734588622,#a5a5a6
6633,6633,8.468197822570799,1.477639079093933,6.426363468170166,#57585a
6634,6634,12.075257301330565,3.9328522682189937,7.441333293914798,#585d66
6665,6665,10.905316352844238,2.5780079364776607,12.03543472290039,#abb4c3
6718,6718,8.62968921661377,1.48121702671051,7.933091640472412,#bd9b9f
6745,6745,10.779792785644533,3.429633378982544,5.754661083221436,#51474b
6777,6777,10.775977134704588,2.0513749122619633,5.909983158111572,#d4c4bf
6817,6817,9.528732299804688,1.646522879600525,6.937222957611084,#cec1c5
6859,6859,12.204119682312012,4.508063316345215,6.5643653869628915,#9f9a9c
6886,6886,11.462904930114744,8.220559120178223,7.191943645477295,#a9a89a
6893,6893,11.340675354003904,0.6896467208862305,7.784536361694336,#716a60
6893,6893,11.340675354003904,0.6896467208862305,7.784536361694336,#716a60
6895,6895,9.294089317321776,3.216003179550172,8.339027404785154,#2d2d2d
6952,6952,7.1081953048706055,1.6993716955184934,0.6136977672576904,#8d888e
6961,6961,12.918558120727539,-5.7939786911010716,2.0043549537658687,#65646a
6966,6966,9.797844886779783,4.447367668151856,9.916915893554688,#d5cc9c
6969,6969,9.52189826965332,3.9840345382690425,7.440712928771972,#dcd5d3
6983,6983,8.020578384399412,0.3347739577293396,10.876099586486816,#858fb5
6999,6999,9.551614761352539,3.557082176208496,11.568216323852539,#a8abab
7032,7032,5.372068405151367,8.093374252319336,5.022632122039794,#d3c9c7
7034,7034,12.33839893341064,4.8640241622924805,9.076690673828123,#757d88
7060,7060,7.687818527221679,7.501451492309568,4.1690988540649405,#c1c4cd
7080,7080,9.975851058959961,8.432787895202638,7.36467981338501,#656b77
7086,7086,5.603188037872314,8.045445442199707,5.217111110687257,#332e2f
7125,7125,9.620978355407717,0.14757432043552401,4.20711612701416,#cec9c3
7131,7131,8.35872745513916,8.49803352355957,0.7764382362365722,#807c7d
7170,7170,16.123739242553707,5.662931442260742,2.94221568107605,#6176a0
7170,7170,16.123739242553707,5.662931442260742,2.94221568107605,#6176a0
7209,7209,8.568999290466305,0.2483924627304077,3.938867330551147,#773f65
7262,7262,9.904417991638184,3.827703714370728,8.16338062286377,#7f7479
7342,7342,8.47409725189209,8.661808967590332,0.5001540780067444,#4f4f62
7360,7360,5.253053188323976,8.216090202331545,4.923799514770508,#ccadb4
7367,7367,-2.973144054412842,3.0642602443695064,5.953598499298098,#583038
7415,7415,9.185639381408693,0.8060078620910643,4.72688102722168,#a79c8f
7417,7417,5.510991573333741,6.642073154449463,5.724220275878905,#605c55
7435,7435,10.165822982788084,4.783199787139892,6.017895221710205,#c0bcb2
7450,7450,8.717359542846678,2.0108799934387203,9.157655715942383,#999982
7461,7461,5.714421272277832,6.348466873168943,4.5994296073913565,#83817c
7462,7462,8.393340110778809,8.521712303161621,4.828956604003905,#4d4545
7477,7477,9.603713035583496,3.6848185062408447,9.520830154418944,#898a84
7481,7481,9.367361068725586,4.797393321990967,6.774783134460449,#94939f
7482,7482,5.461434841156006,6.82635259628296,5.963478088378905,#969395
7499,7499,8.330245018005371,9.82045078277588,-0.1393977254629135,#363535
7520,7520,9.287118911743164,2.164890050888061,7.698128700256348,#373836
7541,7541,8.337040901184082,1.0714789628982546,1.8317381143569944,#4a4948
7566,7566,11.333830833435053,0.9987513422966005,7.018604278564454,#797d8e
7667,7667,6.490403175354005,6.808631420135497,4.940369129180909,#517fa4
7676,7676,16.520917892456055,4.886508941650392,2.6539590358734126,#4f1b28
7780,7780,8.843329429626465,9.655397415161133,0.4754512310028076,#b0858d
7780,7780,8.843329429626465,9.655397415161133,0.4754512310028076,#b0858d
7819,7819,9.281149864196776,1.2388128042221067,8.148463249206545,#553732
7823,7823,9.787281990051268,4.19572114944458,6.214110851287841,#573237
7846,7846,10.396034240722656,1.0696504116058347,7.877405166625977,#aac6bd
7887,7887,10.206287384033203,0.9747902750968932,8.839801788330078,#364463
7897,7897,7.917665004730224,1.8720246553421018,-5.5012245178222665,#303a4b
7908,7908,12.980966567993164,4.480165958404541,4.998637676239014,#b5a394
7917,7917,14.977560997009276,1.6847363710403445,1.1301199197769165,#383838
7924,7924,9.556625366210938,2.5834105014801025,4.8398118019104,#37352d
7930,7930,12.509284019470213,4.44685697555542,8.090694427490233,#9a9270
7932,7932,8.5537109375,8.575566291809082,0.7587544322013856,#484850
7942,7942,-1.2112555503845217,7.271338462829591,5.0895333290100115,#7a9b7e
7958,7958,6.75709581375122,7.363415241241454,-3.3556714057922363,#7c6763
7970,7970,5.313514709472656,6.6640381813049325,5.7267961502075195,#a89690
7986,7986,11.114669799804688,2.4225013256073,12.288541793823242,#606471
8003,8003,9.686214447021484,2.5025243759155282,6.7072601318359375,#3d2c30
8006,8006,7.320308208465576,7.754197120666503,6.10752296447754,#2a292d
8022,8022,5.587685108184814,7.3995041847228995,4.576955318450928,#d7d6d8
8061,8061,13.453106880187983,-4.772514820098877,2.59419584274292,#413a3a
8086,8086,8.938399314880371,-0.2430490851402283,6.306163787841798,#706d67
8143,8143,9.537217140197754,7.539463520050048,6.55050802230835,#f0a34b
8175,8175,13.758068084716795,2.5581583976745605,8.951191902160641,#d8d9d9
8208,8208,11.468756675720215,10.310380935668944,11.23405647277832,#aaa9a7
8295,8295,9.161249160766598,2.1562669277191158,6.854779243469237,#282828
8308,8308,9.804922103881838,4.731149196624756,6.942741870880128,#696776
8360,8360,9.393695831298828,2.432618856430054,7.852437973022464,#709c90
8362,8362,11.519804000854492,1.9423831701278689,6.803163528442383,#b1b0af
8377,8377,8.553725242614746,1.6283484697341917,6.423709392547608,#6a686a
8377,8377,8.553725242614746,1.6283484697341917,6.423709392547608,#6a686a
8404,8404,11.499848365783693,8.350080490112306,7.262430191040036,#8e7f7a
8461,8461,9.865056037902832,4.467805862426758,8.5281925201416,#636266
8466,8466,6.535405635833738,7.409600734710692,-3.549212932586669,#767b7d
8475,8475,13.177332878112793,4.914957523345946,4.9539222717285165,#a1a0af
8494,8494,12.402008056640625,4.512377738952637,5.365193843841552,#afaeb2
8507,8507,7.690977096557617,7.834414958953857,1.0224264860153198,#303030
8591,8591,11.98558712005615,5.366549015045166,7.671165466308594,#565454
8610,8610,13.18318557739258,7.257067680358888,12.021148681640625,#e9e6e2
8628,8628,9.853482246398924,8.577857971191406,-2.8581285476684566,#c8bfb6
8647,8647,13.43246841430664,-4.758408546447754,2.794827938079833,#1c1d1f
8690,8690,6.3549652099609375,6.128356456756593,3.8479700088500985,#928c94
8722,8722,9.53317165374756,3.6846115589141855,11.687403678894045,#985947
8724,8724,15.67537307739258,-4.144197463989259,4.9858360290527335,#a09c9d
8750,8750,12.120059013366705,4.496105670928955,7.050395965576171,#503e46
8783,8783,12.819890975952148,4.651586055755615,4.79026460647583,#2f312f
8784,8784,10.166447639465332,7.274477481842044,6.955305099487305,#8b93a5
8793,8793,10.502501487731934,4.21391773223877,10.167994499206543,#d0c2c5
8807,8807,5.980870246887207,6.690223217010497,5.364562034606935,#2d413f
8830,8830,15.942282676696776,5.7269697189331055,3.148925304412842,#afa8aa
8837,8837,7.855697154998778,8.332645416259767,-2.2497124671936035,#c16c77
8856,8856,6.908156394958496,6.682909965515138,3.2574234008789062,#4c403c
8862,8862,5.741781711578369,3.7880587577819824,3.423956155776977,#66676b
8863,8863,9.9042911529541,8.087108612060549,7.196965694427488,#60615f
8931,8931,7.746290206909179,8.262626647949217,-2.771109104156494,#8191a0
8938,8938,8.290556907653809,-0.8325459361076355,6.370487213134767,#6b6c75
8979,8979,8.699749946594237,2.4326140880584717,6.505854606628418,#ae928b
8982,8982,13.38082218170166,4.904701709747314,5.0741848945617685,#65656d
8983,8983,6.1263413429260245,6.167677402496338,4.954895496368409,#d3c5b1
8983,8983,6.1263413429260245,6.167677402496338,4.954895496368409,#d3c5b1
9048,9048,6.835222244262696,6.347777843475343,3.9154446125030518,#42464f
9057,9057,12.15308666229248,2.9208626747131343,10.1594877243042,#c7c6c1
9069,9069,12.405095100402832,4.513329982757568,6.6178622245788565,#8b8986
9094,9094,7.603989601135257,0.9013901352882384,1.3887209892272947,#703034
9101,9101,10.054311752319338,-0.10059347748756407,5.947886943817139,#1d1d1d
9103,9103,-1.1977297067642212,6.856842517852784,5.279382705688477,#6c6260
9108,9108,7.648586750030518,6.88746452331543,6.585103034973144,#a44c4f
9121,9121,12.448386192321776,3.1105387210845947,10.613529205322264,#b99370
9136,9136,10.95822525024414,1.943591475486756,5.879949092864991,#808f53
9150,9150,8.026988983154299,1.6276916265487669,1.3127934932708738,#747e8c
9154,9154,9.413928031921383,7.884272098541259,-3.3067629337310787,#b2b9c8
9155,9155,8.796579360961914,-0.06061452999711036,7.128448009490968,#7e849b
9262,9262,8.749265670776367,-0.9955808520317077,-1.8297271728515625,#75625c
9265,9265,8.672172546386719,2.741969347000122,6.753796577453612,#394633
9377,9377,9.97294807434082,8.117243766784668,7.490505695343018,#96868a
9380,9380,8.408680915832518,0.9384816288948059,7.838938236236572,#636162
9395,9395,5.463162422180176,6.68051528930664,5.694074630737305,#5e5f52
9415,9415,10.385910987854006,4.005939960479736,5.334973812103272,#bca2a4
9420,9420,16.166772842407227,5.279733657836913,2.125327587127685,#8e9d8b
9420,9420,16.166772842407227,5.279733657836913,2.125327587127685,#8e9d8b
9455,9455,10.572474479675297,2.941670417785643,5.580552577972413,#8f9e6f
9456,9456,9.8742036819458,3.0640354156494136,6.937384605407715,#9f7f8b
9458,9458,14.087595939636225,-3.7745664119720455,3.828922986984253,#8a878f
9463,9463,7.171841144561768,5.933680057525635,3.963712215423584,#595150
9470,9470,11.802527427673342,4.546358108520509,6.875962734222412,#e1b5b2
9476,9476,14.344429969787598,-3.6814260482788086,3.8461332321166988,#816567
9497,9497,10.015064239501953,4.668475627899169,8.518190383911133,#73535b
9545,9545,9.317617416381836,5.020423889160156,8.802408218383789,#4b4269
9554,9554,9.43317031860352,0.8304776549339296,6.9030089378356925,#363634
9566,9566,10.95135498046875,3.662143230438232,6.00532341003418,#5d5766
9580,9580,10.473394393920898,0.2166490852832794,5.882079601287843,#aaa6a2
9601,9601,8.795584678649902,-1.0195990800857546,-1.806334018707276,#585957
9665,9665,9.978040695190428,3.982131958007813,8.249604225158691,#9f9faa
9679,9679,8.375273704528809,0.9940934181213378,7.3717708587646475,#c2c6cd
9707,9707,8.152266502380371,5.0264649391174325,6.543087005615232,#5e796d
9881,9881,8.652801513671875,2.228809833526612,7.149196147918701,#7c6469
9881,9881,8.652801513671875,2.228809833526612,7.149196147918701,#7c6469
9890,9890,10.617630958557127,5.74462890625,7.7541651725769025,#5e5b49
9934,9934,12.242944717407227,4.177371501922608,6.224485397338867,#5e5856
9945,9945,9.560470581054688,7.675372123718262,-3.2759482860565186,#b0a99b
9960,9960,11.087212562561037,2.880063772201538,12.11234760284424,#ebd160
10062,10062,8.467847824096678,4.568463802337647,4.464110851287842,#523231
10118,10118,9.8446626663208,7.7206220626831055,-2.9653339385986333,#9f989c
10145,10145,11.171908378601074,5.739144802093506,8.874478340148924,#bfb744
10170,10170,10.488161087036133,3.036821126937866,5.869288444519043,#373433
10214,10214,-3.127417325973511,2.8979594707489014,6.120067119598388,#857070
10221,10221,-2.988483667373657,3.046247243881225,5.971507549285889,#938d82
10224,10224,5.912733554840089,6.565139293670655,5.81657838821411,#93928e
10277,10277,11.460902214050293,9.805739402770994,11.306581497192385,#2f3135
10278,10278,9.231591224670412,-1.1090288162231443,-1.5491493940353391,#61615f
10284,10284,13.079426765441895,6.934689998626709,12.044284820556642,#363738
10289,10289,15.991648674011225,4.940022468566896,3.4561867713928223,#726b68
10289,10289,15.991648674011225,4.940022468566896,3.4561867713928223,#726b68
10290,10290,7.074495315551759,7.86528730392456,0.9454549551010132,#a79a98
10294,10294,11.972487449645998,1.6810930967330933,7.1915283203125,#6a6164
10304,10304,8.670718193054201,8.401792526245119,1.293448805809021,#53819f
10325,10325,7.636239051818848,8.878419876098633,0.9135129451751709,#c5baab
10327,10327,10.922528266906738,5.792237281799316,5.512806415557861,#7c7e81
10345,10345,11.662650108337402,9.601073265075684,11.042977333068848,#afb9aa
10421,10421,10.421438217163086,2.6887242794036865,4.459827423095703,#858977
10425,10425,7.427464008331299,7.256122589111327,4.065661430358888,#553b48
10425,10425,7.427464008331299,7.256122589111327,4.065661430358888,#553b48
10453,10453,9.929929733276367,8.15754985809326,7.502164840698241,#7ca5be
10459,10459,8.464136123657225,3.0827825069427486,6.556677818298339,#8b8c99
10477,10477,10.242947578430176,0.9845812320709229,8.667415618896483,#9c9aa2
10487,10487,16.49186706542969,5.12995195388794,2.2805066108703613,#91908b
10492,10492,6.063594341278076,6.939241409301758,-1.4815154075622556,#6b7282
10497,10497,7.9255104064941415,7.4991736412048375,4.069971084594728,#c1bab8
10532,10532,9.974784851074217,7.57097864151001,6.848914623260497,#3e3a42
10542,10542,8.711500167846678,-0.6120609045028687,7.515829086303714,#2d2e30
10543,10543,9.89584732055664,4.312265396118163,8.657105445861816,#7a7e83
10580,10580,8.53786563873291,4.477705478668212,9.1173095703125,#3c3e46
10613,10613,9.771839141845703,5.192180156707764,6.3319458961486825,#554f4c
10622,10622,10.160979270935057,2.5462257862091064,4.898565769195557,#d3d6d6
10671,10671,9.707559585571287,8.521285057067871,-2.646629095077514,#333938
10690,10690,8.524000167846678,8.41888427734375,4.8946495056152335,#595c56
10708,10708,13.308096885681152,8.349924087524414,2.964938879013061,#6a6b62
10759,10759,16.451589584350586,5.352101802825928,2.1344826221466064,#4a4949
10776,10776,9.766789436340332,7.8533220291137695,-2.5021469593048096,#aea08e
10778,10778,7.6804842948913565,1.2202135324478145,1.7321082353591917,#6b6e6f
10827,10827,11.616748809814453,3.465954303741455,6.566019535064696,#a2a6a0
10830,10830,10.361242294311523,2.982890367507935,5.749081611633301,#595068
10844,10844,11.911449432373047,3.560409307479859,9.944669723510742,#7c818d
10864,10864,8.194890022277832,4.946236610412598,4.849578380584716,#dbc9ca
10865,10865,10.621309280395508,1.4844053983688357,4.871720790863037,#a78c69
10876,10876,15.982287406921385,5.710083961486816,3.1672325134277344,#51565f
10879,10879,5.670551300048829,6.660242080688477,5.8696532249450675,#2e2d2f
10908,10908,7.011538982391357,2.076850414276123,-6.446567058563232,#5f714f
10920,10920,11.936164855957033,4.22667360305786,5.623733997344972,#bbb1ba
10926,10926,11.880570411682127,3.273248672485352,6.048685550689697,#a9baba
10949,10949,7.4922027587890625,7.408671855926514,0.8406596183776855,#ad9492
10950,10950,10.865715026855467,3.8692307472229,6.099888324737548,#6d6e71
11034,11034,11.49367618560791,1.8590146303176882,6.642307758331299,#d1c8ca
11094,11094,9.84182357788086,-0.29775235056877136,6.397753715515138,#b6c0c4
11103,11103,9.262805938720703,0.7176547646522522,8.557262420654299,#e4e2de
11112,11112,7.009270668029784,7.895115852355957,-3.025059461593628,#805e3d
11178,11178,5.304801940917969,7.762754440307617,4.619157791137696,#4b4d4b
11189,11189,10.658468246459961,5.64988374710083,5.279674530029297,#6e4f7f
11211,11211,11.400371551513677,1.7333858013153076,7.61656904220581,#484947
11223,11223,8.855859756469727,9.673431396484377,0.4629381597042084,#876f46
11247,11247,6.255937576293943,8.127655029296875,-3.230725526809692,#646068
11250,11250,16.382575988769528,5.431098461151123,2.158001184463501,#45464a
11295,11295,10.9547061920166,3.440017938613892,5.831727981567383,#ababba
11309,11309,10.38663864135742,1.7074214220046997,5.5280518531799325,#bcbcbe
11352,11352,8.866849899291992,-1.112350344657898,7.442112922668457,#8a8889
11373,11373,8.366738319396973,0.5349327921867371,7.198973655700684,#cbc0ba
11392,11392,7.260333061218262,7.227927684783935,4.662861347198486,#829abf
11442,11442,8.815411567687988,0.4928290843963624,7.545741081237793,#626074
11478,11478,6.007178306579589,4.162628173828125,3.1660139560699463,#9fb5a1
11526,11526,12.556506156921385,-5.701539516448976,1.719873547554016,#8f8386
11528,11528,10.69813537597656,5.828613281249999,8.237867355346678,#8a8b93
11544,11544,9.050132751464846,-1.271368265151977,-1.8662353754043577,#dbdbe1
11583,11583,9.389918327331543,-0.23466318845748899,6.286448955535888,#aa9c98
11589,11589,15.1409912109375,1.6798187494277954,0.9838604927062988,#5f5f5d
11611,11611,8.841803550720215,8.656881332397461,1.1096320152282717,#b9c0b9
11625,11625,8.986289978027342,2.5552031993865967,6.598787307739258,#686260
11630,11630,9.287515640258787,2.5856249332427974,5.20922327041626,#444962
11675,11675,8.727773666381836,4.715784072875977,9.126135826110842,#97989e
11675,11675,8.727773666381836,4.715784072875977,9.126135826110842,#97989e
11732,11732,11.536351203918455,5.207535743713378,6.625247001647949,#81827a
11758,11758,11.646464347839355,9.737077713012695,11.084127426147461,#45423a
11797,11797,6.688855171203612,6.455128192901611,4.4503583908081055,#333336
11861,11861,11.127241134643553,1.229345679283142,6.63885498046875,#97929a
11929,11929,10.55559253692627,4.984632968902589,9.885329246520994,#a6abb6
11955,11955,6.1258821487426784,6.471467971801758,5.722532272338867,#cad1d7
11955,11955,6.1258821487426784,6.471467971801758,5.722532272338867,#cad1d7
11956,11956,8.090493202209473,0.7209459543228148,11.134484291076658,#aaaaad
11964,11964,10.183611869812012,1.4909768104553225,4.2229976654052725,#59665c
11991,11991,12.893350601196287,7.801926136016845,2.5577504634857178,#818ca3
11992,11992,9.246438026428224,-0.6595469117164612,6.521393299102782,#707072
12012,12012,15.012611389160154,1.7734621763229368,1.096142053604126,#506797
12016,12016,10.768473625183104,5.3922600746154785,7.686799049377441,#bda79b
12031,12031,11.355131149291992,0.6834719181060791,7.7195515632629395,#6b6e72
12058,12058,5.793726444244387,7.140482902526856,-1.6960275173187256,#3f3f42
12086,12086,8.765721321105957,3.647893190383911,6.528326988220215,#9e6268
12101,12101,7.072853565216064,6.506970405578612,3.3410236835479736,#bdaf9a
12105,12105,6.4779109954833975,7.322964668273925,-3.060463190078736,#8c8a89
12118,12118,8.719080924987793,2.9031295776367183,7.000436782836914,#8e98a3
12129,12129,13.535093307495115,-4.660820007324219,2.724150657653808,#9a8e49
12148,12148,10.534382820129393,3.8434429168701176,5.895748615264893,#65584b
12152,12152,10.675312995910645,1.0787583589553833,6.9108924865722665,#998c95
12182,12182,7.014302730560304,7.034613609313965,-2.061175346374512,#545e76
12195,12195,6.299821853637693,5.738812923431397,4.26624059677124,#969495
12199,12199,11.167265892028807,5.370091915130613,6.377593994140625,#303033
12222,12222,9.97862434387207,6.592718601226808,16.824321746826172,#7a848b
12225,12225,12.561662673950195,2.183526754379272,8.00873279571533,#a3a3a3
12229,12229,16.156915664672848,5.268312931060791,3.2127170562744136,#787975
12244,12244,6.621746063232421,2.0046012401580806,-0.0162072516977787,#7e7980
12256,12256,8.408179283142092,7.877723693847656,5.654152393341064,#cbc9cc
12256,12256,8.408179283142092,7.877723693847656,5.654152393341064,#cbc9cc
12345,12345,6.061276435852051,6.3799071311950675,5.4661431312561035,#6f6865
12368,12368,9.908236503601074,3.044305562973023,4.901770114898682,#b79e92
12398,12398,9.62831115722656,7.609125137329102,-3.2296595573425284,#d1d0da
12410,12410,11.368281364440913,4.047953605651856,9.480109214782713,#b1b4bd
12497,12497,5.914759159088137,4.103486061096192,3.17202353477478,#cececb
12520,12520,8.323994636535645,8.917733192443846,0.003486968111246824,#d5d7d5
12572,12572,11.455448150634766,5.276691913604736,5.868735790252686,#9e585b
12620,12620,8.524866104125978,9.821993827819826,0.2648691833019257,#5d5e6d
12626,12626,9.784755706787108,4.554176330566406,9.153923988342283,#bd9693
12632,12632,6.4149537086486825,6.694539546966553,5.877251625061036,#ccbdaa
12673,12673,-1.372606158256531,6.611897945404053,5.03130292892456,#84718c
12723,12723,9.820988655090332,7.43044376373291,-2.9164955615997314,#8c8d96
12724,12724,10.153335571289062,0.7220285534858703,4.998311996459962,#4a4b3e
12731,12731,9.4539794921875,2.0640096664428706,6.668689727783204,#dfa28f
12732,12732,7.808043956756589,1.158652901649475,1.8366600275039675,#8a4647
12750,12750,10.186254501342773,4.9335498809814435,8.334627151489258,#956b59
12758,12758,8.70836067199707,0.38041236996650696,7.797816276550293,#788888
12769,12769,13.652648925781252,3.5115427970886235,9.181605339050293,#2a2629
12772,12772,-3.132951021194458,2.8900113105773926,6.128462314605713,#81927b
12780,12780,10.49117374420166,0.6079215407371521,7.932482242584228,#b0aaae
12823,12823,8.343469619750978,1.0878174304962158,1.834869146347046,#aea5a0
12823,12823,8.343469619750978,1.0878174304962158,1.834869146347046,#aea5a0
12828,12828,-1.1381250619888303,7.2855668067932156,5.0690879821777335,#868181
12830,12830,14.419389724731445,-3.431024789810181,3.600891828536988,#504a4f
12837,12837,9.275973320007322,3.9042556285858168,5.396417140960691,#b9c3a8
12852,12852,10.637203216552734,4.507969379425049,9.902301788330078,#565159
12866,12866,11.195361137390137,6.139430046081544,5.354001522064209,#882732
12867,12867,7.2373714447021475,4.997681617736816,4.38121461868286,#a28aa3
12892,12892,13.283053398132322,1.6430968046188354,8.675966262817383,#8a525d
12908,12908,10.753259658813477,2.680482149124145,11.427556991577148,#929292
12919,12919,9.807226181030273,5.591610431671144,6.45557975769043,#c9b8b3
12927,12927,7.045818805694581,7.351876258850098,0.5767645239830017,#767c78
12938,12938,9.407123565673828,0.4649378359317779,7.851801872253419,#676560
12958,12958,9.846822738647463,7.8367815017700195,-2.409532070159912,#656772
12995,12995,8.131101608276367,9.542644500732418,-0.021277351304888725,#b4bbc2
13002,13002,7.878875732421875,8.903805732727049,-2.910541772842407,#aea7a9
13011,13011,9.225910186767578,4.352182865142821,6.133158206939696,#42403c
13013,13013,10.602944374084473,5.534538269042969,5.534027099609376,#6a6c73
13058,13058,7.0092363357543945,5.078958988189696,3.8442075252532963,#9ea8a3
13063,13063,13.369954109191895,4.7780723571777335,5.093568801879882,#c1bdb6
13068,13068,10.188793182373047,2.6929996013641357,6.627774715423584,#6d6c6e
13092,13092,12.263387680053713,4.568053722381593,7.00071382522583,#1f1f1f
13095,13095,9.805415153503418,3.2553868293762207,9.434813499450684,#a2a3a7
13106,13106,9.83796787261963,7.472412586212157,6.3164825439453125,#9e3641
13208,13208,8.375766754150389,9.760342597961422,-0.2139293551445008,#9b8986
13233,13233,5.9323463439941415,4.032358646392821,3.5067758560180664,#d1d0cf
13263,13263,10.01661491394043,5.715044021606443,7.077956676483152,#77706e
13342,13342,13.47270965576172,-4.716453075408936,2.782673120498657,#b8b8bc
13348,13348,11.506526947021484,1.2464110851287835,7.193911075592041,#bdbbb6
13361,13361,15.06870365142822,1.690514087677002,1.0465840101242063,#6e7677
13370,13370,-3.125017881393433,2.9000780582427974,6.1180081367492685,#857e6e
13388,13388,-3.0977585315704346,2.9259414672851562,6.092426300048829,#716e50
13439,13439,8.016866683959961,4.91858434677124,4.833293437957764,#786562
13452,13452,9.972952842712402,1.1343836784362793,7.313292980194091,#c5715d
13466,13466,11.464756965637207,4.627613067626953,6.757992744445801,#868587
13482,13482,9.748918533325195,5.005521774291993,8.486026763916014,#81a5ab
13483,13483,14.254275321960447,-3.720914125442505,3.8282921314239498,#b6e488
13490,13490,10.73426914215088,1.2105875015258791,6.226225376129151,#616362
13531,13531,12.945568084716795,4.296027183532714,4.9792699813842765,#c2c2c2
13533,13533,16.339101791381836,5.463852405548095,2.2639768123626705,#844549
13549,13549,7.689247131347656,1.1825343370437622,1.751374125480652,#b2b9b8
13550,13550,11.225586891174316,2.738321304321289,6.822926998138429,#4d3e48
13586,13586,7.761882305145263,8.607934951782225,-2.6684584617614746,#3a3c46
13598,13598,9.798935890197754,1.818468689918518,6.736324787139893,#538269
13602,13602,16.39554977416992,5.4067111015319815,2.0106375217437744,#252525
13608,13608,6.6586337089538565,1.767370104789734,0.1260804980993271,#2b2d30
13608,13608,6.6586337089538565,1.767370104789734,0.1260804980993271,#2b2d30
13612,13612,11.75812816619873,4.193378448486328,7.049422264099121,#958e83
13616,13616,11.641095161437988,4.567810535430908,6.761490821838378,#968580
13622,13622,13.074371337890625,7.963848114013669,2.7822811603546143,#31302f
13628,13628,9.212735176086424,12.335471153259276,6.6472716331481925,#9c8b8b
13649,13649,8.127049446105957,3.0038006305694576,7.619426250457763,#2b2f35
13649,13649,8.127049446105957,3.0038006305694576,7.619426250457763,#2b2f35
13664,13664,9.62155342102051,5.099714756011962,6.554306983947754,#888c8c
13730,13730,9.021820068359377,7.881827354431152,-3.3056442737579332,#595155
13767,13767,8.09451198577881,0.35430610179901123,10.892837524414062,#888a95
13813,13813,12.38469982147217,3.0480775833129883,10.50035285949707,#a3a3a5
13834,13834,8.307381629943846,0.9557853937149048,7.160088539123536,#c1bcbf
13884,13884,11.869762420654295,4.803203582763673,6.47939157485962,#363636
13896,13896,8.077231407165526,-0.9450504183769228,5.873538017272949,#7a7d8e
13907,13907,7.426285743713382,4.663946628570557,4.480663776397706,#86827e
13924,13924,9.551928520202637,5.17029047012329,8.091151237487793,#6c636a
13931,13931,8.64503002166748,1.1559965610504153,8.885443687438963,#cb7e71
13931,13931,8.64503002166748,1.1559965610504153,8.885443687438963,#cb7e71
13960,13960,7.139876842498778,6.290933609008789,4.422523021697997,#bec5c0
14017,14017,8.921191215515137,2.0157830715179443,8.472558975219728,#cac0c2
14022,14022,8.912416458129881,3.182173490524292,6.686814785003662,#3b3e49
14041,14041,9.506450653076174,1.3686447143554688,8.334369659423826,#ac5960
14061,14061,13.061193466186525,6.7764616012573216,12.198709487915039,#7c7d7e
14084,14084,9.465304374694824,7.760958671569824,-3.259149312973023,#789887
14087,14087,8.260004043579103,8.762015342712402,0.054254248738288886,#7b7074
14092,14092,12.195362091064453,3.0343892574310303,10.228485107421877,#323348
14109,14109,13.575969696044927,8.241637229919435,2.325219869613648,#515050
14114,14114,10.094093322753906,1.1156951189041135,6.536770343780518,#929299
14155,14155,9.72840881347656,8.095014572143553,-2.355581521987915,#8d828b
14162,14162,9.894689559936523,2.779320240020752,9.034230232238768,#45464c
14182,14182,7.703020095825195,1.19389808177948,1.84661877155304,#8a8b98
14192,14192,7.6614103317260716,0.8189370632171633,1.4590739011764526,#5d5b60
14202,14202,8.896915435791014,0.8442649245262147,6.7763662338256845,#c1b9b8
14240,14240,13.793558120727539,3.408939838409424,9.246643066406248,#cecbbf
14240,14240,13.793558120727539,3.408939838409424,9.246643066406248,#cecbbf
14255,14255,6.9885735511779785,5.2875375747680655,3.931550264358522,#acabae
14257,14257,10.087642669677734,4.176281452178955,6.23563289642334,#76643d
14258,14258,12.070940017700195,3.480068683624268,10.168793678283693,#838893
14278,14278,10.833805084228516,1.1357746124267578,6.388220787048341,#94919a
14329,14329,8.306725502014158,3.3325312137603764,7.9521942138671875,#85777f
14334,14334,8.39122676849365,8.089152336120605,1.3030738830566406,#656061
14338,14338,7.087735176086426,1.8672236204147328,-6.007495880126954,#79757e
14364,14364,10.109259605407717,1.8671399354934688,5.625912189483642,#787058
14378,14378,8.22596549987793,2.9543664455413814,7.555510997772216,#c9b0b7
14379,14379,7.0197906494140625,6.682129383087157,-0.3528684377670288,#4d4d4c
14386,14386,8.746541976928713,-0.9051242470741274,-1.6876367330551147,#cdc7c6
14432,14432,9.123754501342773,4.631541252136231,9.16257381439209,#8f9299
14485,14485,7.4038424491882315,7.220231056213379,3.814310550689697,#d0c7b2
14492,14492,6.990307331085205,2.08833909034729,-6.4669647216796875,#6d6d81
14516,14516,8.05589485168457,5.149026870727538,6.7094788551330575,#b1aeab
14524,14524,11.155158042907717,6.259045600891112,5.364584445953369,#8b8e9b
14571,14571,12.388843536376953,4.57586145401001,6.940450668334961,#353c4f
14583,14583,13.637433052062988,8.789031028747559,2.3869569301605225,#727f7b
14587,14587,9.412309646606444,0.9634171724319458,7.00593376159668,#a5a0a7
14629,14629,9.343609809875488,12.927487373352045,6.54235601425171,#6b6867
14636,14636,9.943777084350586,1.6933287382125852,5.499394416809082,#6a5944
14650,14650,9.837342262268066,1.4692074060440063,8.962418556213379,#78474d
14689,14689,10.251452445983887,4.8749895095825195,8.408244132995605,#7d443f
14757,14757,8.32537841796875,10.002869606018066,0.1522358953952789,#585658
14870,14870,14.439848899841307,-3.4338343143463126,3.5997040271759038,#819374
14884,14884,14.927437782287598,1.7059032917022705,1.1749346256256104,#9c96ac
14903,14903,9.690799713134766,8.296266555786131,-2.533925771713257,#606163
14944,14944,-3.1059165000915527,2.919361591339112,6.098618984222412,#cdc4c4
14985,14985,10.47519302368164,3.416657686233522,5.998906135559081,#c1aaa5
14988,14988,9.380799293518066,0.12250343710184095,4.1010355949401855,#565950
15057,15057,12.375151634216307,-5.704624652862548,2.272392749786377,#a5a9ab
15064,15064,-1.4718284606933594,6.784424304962157,5.4865994453430185,#747672
15085,15085,6.8817167282104466,5.341542720794678,3.8921840190887447,#686f7d
15136,15136,7.083255290985107,7.376395225524902,0.6204321384429932,#5f5e5f
15153,15153,13.104713439941404,2.5861942768096933,8.315573692321777,#c0bcc0
15156,15156,8.781497955322267,0.9530598521232606,4.3683834075927725,#4d4e60
15157,15157,6.932565212249756,7.6371588706970215,-3.8426270484924316,#4e503a
15180,15180,13.770824432373047,3.6862976551055913,9.369281768798828,#827f80
15191,15191,11.34677505493164,10.365682601928713,11.396352767944338,#92a0c3
15198,15198,10.02444267272949,3.947596788406372,9.183605194091797,#d1c7a3
15206,15206,10.445916175842283,2.6942827701568604,6.4207048416137695,#926963
15206,15206,10.445916175842283,2.6942827701568604,6.4207048416137695,#926963
15233,15233,8.745303153991701,1.4762853384017949,6.173468589782715,#9198a5
15247,15247,10.097630500793457,4.634798526763916,8.63587474822998,#5b5f66
15257,15257,10.22329330444336,2.91425895690918,7.812663555145263,#5e5e54
15264,15264,8.43215274810791,4.912409782409667,4.87628698348999,#d3c0bf
15311,15311,12.150712013244627,3.4004158973693848,10.244491577148436,#616269
15345,15345,9.811735153198242,2.1753897666931152,7.69562530517578,#393c40
15379,15379,13.382143020629885,5.02254581451416,5.137247562408447,#875051
15415,15415,11.168551445007324,2.10770845413208,6.380701065063477,#999ba3
15466,15466,11.428736686706545,1.4493364095687864,7.6851105690002415,#8e8d90
15474,15474,6.714460372924805,8.248459815979006,6.069794654846192,#9e717b
15482,15482,9.83152961730957,7.438065052032472,-2.9243111610412598,#d6b6bc
15493,15493,11.756918907165526,4.8789610862731925,6.411372184753418,#b9bebd
15569,15569,9.994676589965822,1.4378923177719116,5.606142997741699,#393937
15570,15570,12.901709556579588,4.071737766265868,8.918320655822756,#5d3c3b
15577,15577,5.376913547515869,6.637225627899169,5.61468505859375,#ada0a9
15596,15596,10.049972534179688,2.0783803462982178,5.722516059875487,#2c2d31
15613,15613,9.425746917724608,2.928092002868652,7.5979347229003915,#a19fa1
15622,15622,10.043903350830078,1.6924736499786377,9.31777572631836,#6f6e72
15623,15623,6.569926738739014,6.5735082626342765,4.385107517242432,#818a63
15645,15645,9.628264427185057,1.5553607940673828,8.62107181549072,#c4ced8
15654,15654,9.326878547668457,0.7192054986953736,4.525084018707276,#666768
15709,15709,12.507373809814453,4.139298915863037,7.592958450317383,#6e8683
15761,15761,12.490307807922365,4.129583835601808,7.6901278495788565,#515457
15777,15777,10.868097305297852,3.4525463581085205,5.775896072387696,#8c988c
15787,15787,10.62700080871582,5.301993370056152,9.419075012207033,#3d3e40
15919,15919,5.457340717315675,6.77997636795044,5.938437938690186,#7f7c87
15946,15946,11.496601104736328,4.0187363624572745,7.8427772521972665,#626263
15988,15988,6.439678192138673,7.02306032180786,-2.1639344692230225,#6e6065
16014,16014,8.476076126098635,3.153306245803833,6.49425220489502,#c0bab7
16022,16022,12.631909370422365,4.1500864028930655,7.942997455596925,#8a9498
16023,16023,12.57386875152588,-5.385605812072755,2.8276314735412598,#af8d96
16029,16029,10.049723625183104,3.6996350288391113,9.448436737060547,#2b2a2e
16102,16102,5.893575668334961,3.7913887500762935,3.442637205123902,#9f9b94
16130,16130,10.984282493591307,3.5718681812286373,5.961717128753662,#6a685d
16134,16134,9.64732551574707,0.2451495975255966,7.63220739364624,#8c888b
16152,16152,10.30699348449707,3.692322254180908,5.129786968231201,#465368
16187,16187,8.80383586883545,1.1625580787658691,4.605260848999023,#9f98aa
16254,16254,5.234767913818359,7.915128707885742,4.7093682289123535,#9d5f67
16254,16254,5.234767913818359,7.915128707885742,4.7093682289123535,#9d5f67
16263,16263,9.197155952453613,12.533082962036133,6.599845886230469,#353843
16264,16264,6.6207237243652335,7.450087547302246,-3.5983629226684566,#c6d9af
16269,16269,8.167462348937987,7.683300495147706,5.493305683135985,#b3aeb5
16298,16298,-2.961448192596436,3.0732452869415283,5.944387912750244,#2e2f2f
16299,16299,12.362369537353521,3.231261491775513,10.51726818084717,#af9cac
16336,16336,9.646384239196776,1.648292899131775,8.736926078796385,#39746c
16339,16339,10.407289505004883,2.9719142913818364,4.8932323455810565,#61707e
16366,16366,11.138712882995604,3.5521335601806645,6.962089061737061,#2f3338
16369,16369,10.666010856628418,5.541925907135009,8.193694114685057,#383b3b
16372,16372,6.938239097595216,6.244166374206544,3.430182218551636,#78777d
16415,16415,7.663873672485352,2.338348150253296,-6.107444763183594,#43474c
16434,16434,10.224760055541992,4.980105400085449,8.584470748901367,#303a57
16445,16445,8.664105415344237,7.817704200744629,5.950946331024169,#353535
16449,16449,8.375582695007324,9.629600524902342,0.4927690029144287,#323132
16452,16452,6.730135440826419,5.629599571228027,4.208004951477052,#4d493a
16457,16457,-3.0809402465820312,2.947545051574707,6.070204734802246,#8c967d
16474,16474,10.037286758422852,4.183422088623047,8.328474044799805,#dc8a70
16477,16477,8.736721992492676,-1.0935550928115845,7.640798568725589,#bcb2ac
16520,16520,6.710512161254883,7.111817359924316,-2.278369665145874,#838283
16528,16528,12.710286140441895,-5.7809815406799325,2.81291937828064,#adb8c1
16546,16546,9.624171257019043,1.6623078584671025,4.8105902671813965,#776972
16551,16551,9.450363159179688,-0.272725760936737,6.9279518127441415,#689ebb
16561,16561,13.246300697326658,1.5427447557449343,8.667126655578612,#9aa49e
16578,16578,10.773188591003418,2.79110050201416,5.621920108795166,#3b3b3d
16594,16594,10.980769157409668,5.807696342468262,8.876874923706055,#323330
16602,16602,7.289818286895749,6.467355251312256,1.371694564819336,#8e7d87
16647,16647,11.296652793884276,0.9472917914390566,7.153399944305419,#575757
16655,16655,8.814165115356445,2.4534342288970947,5.970150470733643,#a8ada8
16709,16709,8.253046035766603,1.0471391677856443,1.7282553911209109,#38292d
16762,16762,12.365798950195312,2.9880597591400133,10.448006629943848,#6a6d59
16765,16765,7.9235453605651855,5.272556781768799,6.646571636199951,#58595a
16787,16787,5.540139198303223,8.460448265075684,5.208168983459472,#8c6a54
16797,16797,8.934323310852049,4.480443477630615,9.245478630065918,#494847
16824,16824,9.4846830368042,3.685791969299317,8.068489074707031,#85a7d7
16835,16835,9.656941413879393,2.9294657707214355,9.651403427124023,#313336
16907,16907,9.823124885559082,7.437589645385742,-2.9313080310821533,#dbd8dc
16956,16956,13.041910171508787,7.055056571960449,11.919520378112793,#3c3f49
16957,16957,9.623687744140623,1.5553447008132937,5.830535888671875,#93a3b3
16974,16974,13.46392059326172,8.497430801391603,2.61565089225769,#a7a4a3
17020,17020,15.928627014160154,5.65858554840088,3.219925165176392,#454f51
17058,17058,8.560616493225098,0.022161178290843967,6.683950424194336,#d5d2c5
17059,17059,5.965413570404053,7.62464952468872,-2.897335767745972,#4a473b
17082,17082,11.826551437377928,5.916727066040039,9.760319709777832,#4c4448
17088,17088,10.106617927551268,4.288804054260254,6.674365043640138,#5f656e
17124,17124,16.453479766845707,5.2069668769836435,2.2330517768859863,#636d70
17147,17147,5.823608875274657,7.20308780670166,-2.0928845405578613,#333341
17148,17148,11.750096321105955,10.403960227966307,11.202089309692383,#555654
17177,17177,13.140336036682127,8.050275802612305,2.7610094547271733,#977e86
17219,17219,8.438422203063963,0.042726412415504456,7.033840656280518,#a49781
17246,17246,11.362163543701172,9.75917911529541,11.433075904846193,#c0b2b7
17250,17250,7.89135503768921,8.558672904968263,-3.016285181045532,#2a2d30
17290,17290,11.752260208129881,10.397668838500977,11.191900253295898,#474841
17297,17297,10.012713432312012,4.183688163757323,8.303529739379881,#707072
17382,17382,7.322462081909177,6.621910572052001,1.265061855316162,#a25858
17392,17392,11.490986824035645,3.6060962677001953,6.151587963104247,#3f4042
17405,17405,11.41461944580078,4.35681676864624,7.8012447357177725,#282a31
17426,17426,8.692554473876951,0.6638415455818176,7.26811933517456,#2d2d32
17441,17441,9.2350435256958,-1.2515560388565063,-1.6636329889297483,#8d8468
17442,17442,9.472914695739744,1.1087363958358765,5.002498149871825,#485264
17450,17450,11.631155014038086,3.700815439224243,6.235102653503418,#ada1a3
17544,17544,9.11268615722656,-1.354228854179382,-1.8624219894409173,#cbcbd0
17584,17584,7.859737873077393,9.09822177886963,0.18847131729125974,#414856
17600,17600,8.844043731689453,2.5787081718444824,6.3516936302185085,#8b8b8b
17611,17611,7.826961040496825,7.438270092010497,5.015814781188966,#c1dbd2
17615,17615,8.661735534667969,2.319788694381713,7.088313579559326,#464142
17615,17615,8.661735534667969,2.319788694381713,7.088313579559326,#464142
17623,17623,5.706367015838624,6.421789169311523,4.712477207183837,#74908e
17624,17624,15.26585865020752,1.6419001817703247,0.8746560215950013,#747679
17655,17655,10.912641525268553,3.6946101188659672,6.104377269744874,#a495a2
17675,17675,6.719476699829103,8.317638397216799,6.141358852386474,#595f6f
17688,17688,10.7764253616333,5.401937961578369,8.2266321182251,#9ec28f
17720,17720,10.084128379821776,1.8926993608474727,5.538179397583008,#b5b1a9
17817,17817,5.220959186553955,7.950002193450925,4.714529037475585,#455b48
17830,17830,8.575895309448242,8.529613494873049,0.8609480261802674,#d7d7d6
17835,17835,6.138552665710449,5.9590020179748535,4.553006649017334,#a69ca6
17869,17869,9.231462478637694,-1.2968513965606685,-1.7144144773483276,#bfabb1
17888,17888,5.318833827972413,7.883829593658446,-4.047792911529541,#c7c1bc
17932,17932,11.714118003845217,4.89807653427124,6.336597442626954,#474b54
17970,17970,5.320371150970458,6.715829849243165,5.974011421203612,#cbb6b9
17970,17970,5.320371150970458,6.715829849243165,5.974011421203612,#cbb6b9
18007,18007,11.728891372680662,9.99921226501465,11.051576614379881,#43292d
18071,18071,9.783854484558104,4.420790672302246,9.92153549194336,#a88e93
18094,18094,12.359169006347654,4.900198459625245,9.081993103027344,#a0723e
18094,18094,12.359169006347654,4.900198459625245,9.081993103027344,#a0723e
18097,18097,16.608596801757812,5.121970653533936,2.002145528793335,#4b3845
18098,18098,10.385722160339355,3.7852954864501953,4.8859729766845685,#433f48
18100,18100,13.031585693359375,6.599937438964843,12.341320037841795,#393c42
18119,18119,11.28408145904541,8.033239364624022,7.2109618186950675,#463d47
18136,18136,9.259922981262207,-0.2953602671623229,6.356313705444339,#bb474e
18193,18193,9.494024276733398,7.967635154724122,-3.234724760055541,#343137
18199,18199,10.093677520751953,4.705959796905517,8.368590354919434,#c39299
18236,18236,15.909960746765135,4.91818904876709,3.5229887962341304,#dbdce5
18238,18238,12.428077697753904,4.867409706115723,4.731871604919434,#4a4c4c
18274,18274,8.280145645141603,1.0327532291412351,7.1573705673217765,#aa6c71
18365,18365,10.237738609313963,0.6650614738464355,5.136356830596925,#8f7c87
18366,18366,11.20505619049072,2.941790580749512,6.985657215118407,#58595a
18370,18370,5.304771423339843,6.757049560546875,5.98175811767578,#a3a3a1
18401,18401,10.115130424499512,-0.05673585459589959,7.680546760559082,#764765
18463,18463,9.756308555603027,8.581758499145508,-2.8044490814208984,#7f7e80
18507,18507,6.287477493286133,1.355482578277588,0.6211623549461364,#6f706b
18536,18536,9.17890453338623,-0.4837061762809754,6.413125038146973,#534343
18558,18558,11.112067222595217,2.4569170475006104,12.278323173522947,#8d7a71
18566,18566,10.010377883911133,5.191712856292725,7.5022478103637695,#adaca7
18588,18588,6.544007301330566,7.412495613098144,-3.5532803535461426,#cbbfae
18589,18589,8.130599975585938,1.7386488914489748,1.498384952545166,#787877
18601,18601,10.843724250793457,5.4866676330566415,8.279089927673342,#616b6e
18648,18648,5.44340419769287,6.738528728485107,5.801995277404785,#444745
18652,18652,9.537681579589844,3.696691274642944,11.684567451477045,#e0b3c6
18656,18656,9.295573234558104,3.128471851348877,8.064565658569338,#686c73
18656,18656,9.295573234558104,3.128471851348877,8.064565658569338,#686c73
18689,18689,5.781911373138428,7.109785556793213,-1.593177080154419,#555453
18705,18705,7.639902114868161,3.5450866222381587,7.3460044860839835,#33363a
18708,18708,8.099077224731445,-0.9227805733680724,5.907093524932861,#c09488
18713,18713,8.789454460144045,1.0184630155563354,8.593406677246092,#565551
18730,18730,11.612825393676756,4.758224010467528,5.7072510719299325,#dad8d0
18758,18758,8.439661979675295,4.2185564041137695,8.988231658935545,#949091
18762,18762,8.037113189697267,0.2674101293087006,10.741899490356444,#5b5b5c
18770,18770,12.780383110046385,-5.859588146209716,2.617151498794557,#706359
18797,18797,12.458639144897466,4.921098232269287,6.921280384063723,#908e8c
18797,18797,12.458639144897466,4.921098232269287,6.921280384063723,#908e8c
18825,18825,11.393999099731445,1.985191345214844,6.5559401512146,#555e5c
18825,18825,11.393999099731445,1.985191345214844,6.5559401512146,#555e5c
18852,18852,9.5235013961792,1.9608294963836668,8.961133003234863,#6e595e
18859,18859,9.806488990783693,1.8798720836639409,6.67957878112793,#aeabb9
19006,19006,10.19339656829834,8.04105567932129,6.9362053871154785,#ad797d
19021,19021,6.582634925842285,7.137911319732666,-2.231996297836304,#a16240
19039,19039,9.676935195922852,2.3771071434021,7.3212504386901855,#8b7e74
19048,19048,9.111351013183592,0.4201128780841827,8.585442543029785,#37383d
19072,19072,7.607555866241454,4.633471012115479,4.560903549194336,#303135
19089,19089,5.308271884918213,6.649040699005128,5.734553813934326,#5a4c59
19101,19101,8.478957176208496,4.332624435424806,9.048588752746582,#393935
19104,19104,9.103837013244627,0.7504805922508238,4.682216167449951,#39382f
19183,19183,9.068683624267578,-1.292258858680725,-1.873286724090576,#d9cbb2
19208,19208,11.608156204223633,5.099554061889648,6.058064937591553,#777d7b
19252,19252,10.061383247375488,2.10414719581604,6.957255840301515,#a6a6ab
19262,19262,12.21800899505615,4.822204113006592,6.101009368896484,#555051
19297,19297,10.18928050994873,1.5241178274154663,4.277128219604491,#a9958e
19300,19300,9.78872013092041,5.514231204986572,6.7132248878479,#787c80
19302,19302,7.983061790466306,5.1959543228149405,6.5941829681396475,#d7d9dc
19382,19382,7.804277896881103,7.875643730163574,0.8865177035331726,#83382c
19395,19395,12.142411231994627,3.0794270038604736,10.10801601409912,#bfbcb0
19402,19402,16.16885757446289,5.593860149383545,3.1489353179931645,#a9d1d1
19406,19406,8.179323196411135,3.4318544864654537,6.978217601776122,#5b4a47
19483,19483,13.194917678833008,5.1812472343444815,5.138423919677735,#d4b195
19523,19523,12.68170642852783,4.9317522048950195,4.890791416168213,#383737
19523,19523,12.68170642852783,4.9317522048950195,4.890791416168213,#383737
19545,19545,13.478310585021973,4.954396724700928,5.131707668304443,#766969
19625,19625,6.559675693511963,8.180643081665039,6.084240913391112,#9a8b95
19646,19646,11.692435264587402,9.586400985717773,11.015381813049316,#4489a0
19649,19649,9.412240982055666,4.2654361724853525,6.044325828552245,#453f40
19654,19654,10.345953941345217,3.518532037734985,4.96167230606079,#8d8d8d
19655,19655,10.733597755432127,2.9784767627716064,5.906133174896241,#9e4a41
19660,19660,9.725650787353516,3.102466106414795,7.981730937957763,#2e3137
19674,19674,13.035848617553713,6.61989164352417,12.322090148925776,#897b78
19688,19688,10.197912216186523,1.6303207874298096,9.21553325653076,#6c6b69
19712,19712,7.640819549560548,6.70298957824707,6.751137256622314,#ba4f55
19724,19724,8.414565086364746,9.8517484664917,-0.15815724432468412,#93a0a7
19727,19727,10.233665466308592,5.159013271331788,7.50520944595337,#afb7c3
19750,19750,9.632947921752928,7.81820011138916,-3.0420758724212633,#5a5a57
19788,19788,11.077028274536133,1.1458503007888794,6.553932189941406,#cebfb2
19803,19803,5.523510456085205,6.40373420715332,4.6522793769836435,#77787f
19807,19807,11.44307613372803,5.404364585876465,6.74409294128418,#9a9593
19821,19821,8.567423820495605,-0.9342901706695554,-2.0540401935577397,#d0d3cf
19917,19917,6.292020797729492,6.8688063621521,5.774569988250732,#3c3e3a
19919,19919,12.857628822326658,4.1439552307128915,5.053966999053955,#9aa0b3
19930,19930,9.982829093933104,4.485009670257568,8.859892845153809,#babbc7
19935,19935,15.805861473083494,-4.262666702270509,4.981918811798097,#575a51
19952,19952,9.697977066040039,5.469126224517822,6.368044376373291,#d1d1d4
20061,20061,8.703278541564941,-1.0278072357177734,-1.957048296928405,#614248
20066,20066,5.84160614013672,6.405048370361329,5.194627285003662,#9b7a71
20083,20083,11.245802879333496,3.11371111869812,7.043076515197754,#65524a
20114,20114,9.265516281127928,2.1265211105346684,8.258275985717772,#33333b
20121,20121,9.286243438720703,12.838494300842287,6.519555091857909,#8a6140
20133,20133,12.741748809814453,2.448394298553467,8.038493156433105,#724f50
20158,20158,14.96012592315674,1.713908433914184,1.1448041200637815,#838385
20163,20163,9.35234069824219,2.5648789405822754,6.448961734771728,#9d9997
20208,20208,6.6232848167419425,6.887190818786622,-1.415599346160889,#404a45
20223,20223,14.37539005279541,-3.725712299346924,3.90423846244812,#4c5c53
20324,20324,10.705108642578123,5.777049064636231,5.2322068214416495,#9b897a
20361,20361,11.625630378723145,5.1794915199279785,5.998459815979004,#b7a099
20362,20362,-1.01092267036438,6.726200580596925,5.1801090240478525,#a9a296
20401,20401,6.820789337158202,5.2077436447143555,3.9428448677062975,#3d3c38
20427,20427,10.149141311645508,4.0249619483947745,6.293305397033691,#373b43
20442,20442,9.947288513183592,3.855544090270996,7.071094989776611,#a09e96
20517,20517,12.468545913696287,-5.651068687438965,2.6553130149841317,#c3c8d1
20534,20534,8.878132820129393,3.2557294368743896,6.684120178222655,#b6a193
20562,20562,7.7964301109313965,9.064370155334473,0.8802269101142884,#b7a486
20570,20570,9.796175956726074,-0.07062071561813353,5.9046368598938,#62605a
20581,20581,10.398656845092773,4.011471748352052,5.330296516418457,#6ea097
20621,20621,9.94408893585205,7.563490867614745,6.816472053527832,#cccccf
20641,20641,8.738845825195314,2.718773603439331,9.578194618225094,#644177
20647,20647,9.39912700653076,2.2614874839782715,7.5439438819885245,#c78991
20680,20680,12.376904487609865,2.497389316558837,7.685344696044923,#6a6763
20722,20722,7.78455114364624,7.487050056457519,4.994114875793457,#78797c
20734,20734,5.8953399658203125,4.077743053436278,3.213871002197266,#3d3e40
20786,20786,10.894685745239258,5.754340648651122,8.606185913085938,#c75c5e
20787,20787,6.3661742210388175,6.383298873901367,4.5136451721191415,#e1dfdf
20791,20791,13.143399238586426,5.253840923309326,5.172897338867188,#8aa6b3
20794,20794,5.265388488769531,8.142995834350588,4.894417762756348,#8e9194
20823,20823,10.282586097717283,1.0299168825149536,8.647323608398438,#48536a
20838,20838,10.101245880126953,1.4060317277908323,8.580885887145996,#2d2926
20865,20865,16.00684928894043,4.980530738830566,3.442600011825561,#767379
20984,20984,12.835000991821287,4.0125732421875,5.0378193855285645,#696352
21002,21002,8.189644813537598,8.032875061035154,1.2759276628494265,#46403f
21002,21002,8.189644813537598,8.032875061035154,1.2759276628494265,#46403f
21009,21009,8.412531852722168,5.021450996398926,4.94223928451538,#d1d2dc
21015,21015,9.799471855163574,1.6772181987762451,5.384566783905028,#69676a
21055,21055,9.66017246246338,0.0012380480766296387,4.19993543624878,#727479
21100,21100,10.372586250305176,5.190155029296875,7.405348777770995,#9e9e98
21131,21131,10.457616806030273,6.0413384437561035,8.19398593902588,#8b848a
21137,21137,10.167399406433104,8.235732078552246,6.960084915161133,#7b7b7b
21151,21151,9.871092796325684,3.8550980091094966,9.387038230895996,#8a8a92
21273,21273,9.924192428588867,8.337981224060057,7.443423748016355,#9999a7
21274,21274,9.873477935791016,5.674710750579834,6.432818412780762,#dae0d5
21296,21296,9.539862632751463,8.457737922668457,-2.5172183513641357,#25262c
21298,21298,10.342073440551756,2.5613033771514884,5.759121417999268,#b5c5d1
21307,21307,8.390246391296385,10.171105384826658,0.012501624412834644,#af9fa3
21307,21307,8.390246391296385,10.171105384826658,0.012501624412834644,#af9fa3
21347,21347,6.600041389465332,6.9215617179870605,4.606789588928224,#827a72
21349,21349,8.627145767211914,1.9261579513549805,8.736799240112305,#675b5c
21442,21442,12.914251327514648,-5.804790496826173,1.9966757297515867,#484a4b
21442,21442,12.914251327514648,-5.804790496826173,1.9966757297515867,#484a4b
21466,21466,8.036334991455076,5.043879508972167,6.372861862182616,#cec9c9
21509,21509,8.122193336486816,-0.07429392635822296,10.479209899902344,#b2a694
21523,21523,9.33668327331543,4.275926113128662,6.867558956146238,#535658
21538,21538,9.4180850982666,4.277972221374512,6.039006233215332,#878686
21548,21548,12.643505096435545,-5.619852066040039,1.5326119661331177,#461115
21582,21582,9.540530204772947,3.6394081115722656,11.647046089172365,#757b6d
21594,21594,14.13913631439209,-3.6744740009307857,3.281328678131103,#c0917a
21595,21595,9.07681941986084,0.26725414395332336,8.332558631896973,#9b846e
21597,21597,10.294211387634276,4.320328235626222,8.763017654418945,#73787a
21653,21653,10.834114074707033,2.7089536190032955,11.531979560852045,#545256
21701,21701,13.243536949157713,-4.7541236877441415,3.0997822284698486,#5a5c5c
21710,21710,8.124723434448242,0.13203158974647522,10.73780345916748,#c0cdd9
21742,21742,9.677016258239746,1.6632752418518069,8.699740409851074,#77737f
21781,21781,7.679373264312744,2.3247551918029785,-6.084365367889403,#5f5f63
21785,21785,10.0626859664917,3.7748916149139418,7.2556114196777335,#333943
21791,21791,9.884378433227539,3.802135467529297,7.201630115509032,#cbbea9
21798,21798,11.782574653625488,5.119280815124512,6.239879608154296,#b39d98
21803,21803,9.374048233032225,2.057683944702149,9.321908950805664,#cdc7cd
21803,21803,9.374048233032225,2.057683944702149,9.321908950805664,#cdc7cd
21834,21834,8.22316074371338,7.854998111724853,4.949155330657959,#383c40
21839,21839,5.042920112609862,10.213598251342773,-0.059898678213357925,#425274
21863,21863,10.712570190429688,2.923431396484375,5.6655802726745605,#afaeb0
21876,21876,11.641257286071776,5.950845241546631,9.567562103271484,#97969c
21881,21881,9.812589645385742,1.1388152837753298,7.491757869720459,#713036
21912,21912,11.91871166229248,5.989912509918213,9.833747863769537,#443e44
21970,21970,10.4445161819458,6.8721585273742685,7.170932292938232,#ae5c64
22006,22006,7.8723907470703125,1.8974597454071045,-5.548985958099365,#2e3134
22013,22013,9.475433349609377,7.8532514572143555,-3.2031323909759517,#c7c8cc
22026,22026,16.059024810791016,4.914687156677247,3.332953691482544,#6e869c
22027,22027,9.852690696716307,4.364748954772948,9.267300605773924,#b8677f
22032,22032,12.088097572326658,2.1858580112457275,7.240671157836911,#c3d3dc
22060,22060,13.247995376586914,7.2681636810302725,12.08930206298828,#ceccc1
22062,22062,9.66049385070801,4.634324550628662,9.24705696105957,#62676f
22076,22076,6.770406246185304,5.057915210723877,3.5453076362609863,#282623
22095,22095,-1.152740478515625,6.545021057128906,4.957132816314696,#aeafb8
22118,22118,12.940662384033205,7.823244094848634,2.532944679260253,#9b4a4c
22150,22150,5.266862869262695,7.8794465065002415,-4.1148834228515625,#303030
22205,22205,10.413039207458496,5.1911516189575195,7.384475231170653,#5aac8d
22208,22208,9.243730545043944,-1.1334290504455566,-1.5608891248703003,#48494a
22245,22245,7.288149356842044,7.571558952331544,0.7742919921875,#c9d0d2
22259,22259,7.512968063354492,1.80113959312439,1.3690650463104248,#706a5a
22269,22269,12.43281078338623,-5.7430267333984375,1.803083658218384,#c3c3c6
22369,22369,5.540771484375,6.473447799682616,4.792861461639405,#c7c3ae
22375,22375,9.27452564239502,3.096141576766968,7.740706920623778,#6d6967
